video_name,subject_consistency,background_consistency,motion_smoothness,dynamic_degree,aesthetic_quality,imaging_quality,wer,subs,dele,inse,ISC-PANNS-mean,ISC-PANNS-std,ISC-PASST-mean,ISC-PASST-std,IB-Score,DeSync,LAION-CLAP-Score,MS-CLAP-Score
"row_4_A_dim,_cluttered_storage_space_lined_with_weathere_704x1280_42_3_20260209_090804.mp4",0.9068568973705686,0.9481209590517241,0.9949109279798534,1.0,0.54178786277771,57.54433929756896,0.13333333333333333,0.06666666666666667,0.06666666666666667,0.0,,,,,,,,
"row_1_A_dim,_cluttered_storage_space_lined_with_weathere_704x1280_42_0_20260209_090759.mp4",0.8977216545877785,0.9203714304956897,0.9931730222207781,1.0,0.4861036241054535,50.45176759484696,0.0,0.0,0.0,0.0,,,,,,,,
"row_3_A_dim,_cluttered_storage_space_lined_with_weathere_704x1280_42_2_20260209_090804.mp4",0.8909644940803791,0.9349659886853449,0.9942845406358829,1.0,0.5405155420303345,58.92738415443734,0.13333333333333333,0.06666666666666667,0.06666666666666667,0.0,,,,,,,,
"row_2_A_dim,_cluttered_storage_space_lined_with_weathere_704x1280_42_1_20260209_090757.mp4",0.8941192493356508,0.9319655845905173,0.9937755043501743,1.0,0.5248112082481384,47.969361866990184,0.13333333333333333,0.06666666666666667,0.06666666666666667,0.0,,,,,,,,
total_datas,0.8974155738435943,0.9338559907058189,0.9940359987966723,1.0,0.5233045592904091,0.5372321322846086,0.1,0.05,0.05,0.0,1.021428650658729,0.0212387559837125,1.0754097792035,0.0347935882188829,0.14764168858528137,1.3999999836087227,-0.07659661024808884,0.35200539231300354
