{
    "ISC-PANNS-mean": NaN,
    "ISC-PANNS-std": NaN,
    "ISC-PASST-mean": NaN,
    "ISC-PASST-std": NaN,
    "IB-Score": 0.3148989975452423,
    "DeSync": 0.0,
    "LAION-CLAP-Score": -0.057409629225730896,
    "MS-CLAP-Score": 0.0030847666785120964
}